Start Date:,30-04-2025_10.25.11
Bench number:,86
Computer name:,FRF23050189
Test equipment:,CM.33
Script name:,Endurance_Test
Script version:,0.0d
Script path:,*DAG_Displays:\Test_Group\SYS.5_System_Test\Env_Tests\BR_223\Climatic_Tests\Endurance_Test
Test operator name:,Daniel Lobato
Test Request: ,TR.EL24.06823
Test name: ,3_PTL - k-16
Part number: ,-1
VLIMS number: ,SS 2#18
Serial Number: ,
SW Version: ,-1
HW Version: ,-1
Criteria: ,
Current Value Wake Mode High Value Range - 13.5V: ,2.06[A]
Current Value Wake Mode Low Value Range - 13.5: ,0.98[A]
Current Value Wake Mode High Value Range - 17V: ,1.632[A]
Current Value Wake Mode Low Value Range - 17V: ,0.78[A]
Current Value Wake Mode High Value Range - 8V: ,3.58[A]
Current Value Wake Mode Low Value Range - 8V: ,1.69[A]
Current Value Sleep Mode: ,100[mA]

No:, Date & Time, DUT Mode, Probe of Humidity(%),Probe of Temperature(°C), Dry contact value, Reference Voltage(V),Current[A],Current[A] Status, CAN_status,CID_Display_Temp_Status, CDD_Display_Temp_Status,CID ON/OFF, CDD ON/OFF, CID_BackLight , CDD_BackLight, CID_X_Coordinates, CID_Y_Coordinates, CDD_X_Coordinates, CDD_Y_Coordinates, Light_Sensor_On, Light_Sensor_Off, Temp_1,Temp_2, Watchdog_reset, Hardware_reset, Power_reset, Clock_reset, DTC Stored
1,30/04/2025  11:00:10,Wake Mode,999.9,999.9,5/Operating Max Mode,13.5,2.73262,NOK,0,NORM_OPTRN,NORM_OPTRN,1,1,1,1,0,0,0,0,70,70,True,True,-1,-1,-1,-1,-1,
2,30/04/2025  11:06:06,Wake Mode,999.9,999.9,3/Operating Max Mode,13.5,2.731976,NOK,0,NORM_OPTRN,NORM_OPTRN,1,1,1,1,0,0,0,0,70,70,True,True,-1,-1,-1,-1,-1,
3,30/04/2025  11:12:02,Wake Mode,999.9,999.9,3/Operating Max Mode,8,3.983096,NOK,0,NORM_OPTRN,NORM_OPTRN,1,1,1,1,0,0,0,0,70,70,True,True,-1,-1,-1,-1,-1,
4,30/04/2025  11:17:57,Wake Mode,999.9,999.9,6/Operating Min Mode,8,3.999159,NOK,0,NORM_OPTRN,NORM_OPTRN,1,1,1,1,0,0,0,0,50,50,False,True,-1,-1,-1,-1,-1,
5,30/04/2025  11:23:53,Wake Mode,999.9,999.9,6/Operating Min Mode,17,2.167972,NOK,0,NORM_OPTRN,NORM_OPTRN,1,1,1,1,0,0,0,0,70,70,True,True,-1,-1,-1,-1,-1,
6,30/04/2025  11:29:48,Wake Mode,999.9,999.9,1/Parking Off,17,2.167044,NOK,0,NORM_OPTRN,NORM_OPTRN,1,1,1,1,0,0,0,0,70,70,True,True,-1,-1,-1,-1,-1,
7,30/04/2025  11:31:10,Sleep Mode,999.9,999.9,1/Parking Off,12.5,0.0000363995,OK,0,NORM_OPTRN,NORM_OPTRN,1,1,1,1,0,0,0,0,70,70,True,True,-1,-1,-1,-1,-1,
8,30/04/2025  11:32:14,Sleep Mode,999.9,999.9,1/Parking Off,12.5,0.0000417728,OK,0,NORM_OPTRN,NORM_OPTRN,1,1,1,1,0,0,0,0,70,70,True,True,-1,-1,-1,-1,-1,
9,30/04/2025  11:33:19,Sleep Mode,999.9,999.9,1/Parking Off,12.5,0.0000386642,OK,0,NORM_OPTRN,NORM_OPTRN,1,1,1,1,0,0,0,0,70,70,True,True,-1,-1,-1,-1,-1,
10,30/04/2025  11:34:24,Sleep Mode,999.9,999.9,1/Parking Off,12.5,0.0000389398,OK,0,NORM_OPTRN,NORM_OPTRN,1,1,1,1,0,0,0,0,70,70,True,True,-1,-1,-1,-1,-1,
11,30/04/2025  11:35:29,Sleep Mode,999.9,999.9,1/Parking Off,12.5,0.0000384403,OK,0,NORM_OPTRN,NORM_OPTRN,1,1,1,1,0,0,0,0,70,70,True,True,-1,-1,-1,-1,-1,
12,30/04/2025  11:36:33,Sleep Mode,999.9,999.9,1/Parking Off,12.5,0.0000383542,OK,0,NORM_OPTRN,NORM_OPTRN,1,1,1,1,0,0,0,0,70,70,True,True,-1,-1,-1,-1,-1,
13,30/04/2025  11:37:38,Sleep Mode,999.9,999.9,1/Parking Off,12.5,0.0000388967,OK,0,NORM_OPTRN,NORM_OPTRN,1,1,1,1,0,0,0,0,70,70,True,True,-1,-1,-1,-1,-1,
14,30/04/2025  11:38:43,Sleep Mode,999.9,999.9,1/Parking Off,12.5,0.0000387761,OK,0,NORM_OPTRN,NORM_OPTRN,1,1,1,1,0,0,0,0,70,70,True,True,-1,-1,-1,-1,-1,
15,30/04/2025  11:39:43,Sleep Mode,999.9,999.9,1/Parking Off,12.5,0.0000385781,OK,0,NORM_OPTRN,NORM_OPTRN,1,1,1,1,0,0,0,0,70,70,True,True,-1,-1,-1,-1,-1,
16,30/04/2025  11:40:48,Sleep Mode,999.9,999.9,1/Parking Off,12.5,0.0000375534,OK,0,NORM_OPTRN,NORM_OPTRN,1,1,1,1,0,0,0,0,70,70,True,True,-1,-1,-1,-1,-1,
17,30/04/2025  11:41:52,Sleep Mode,999.9,999.9,1/Parking Off,12.5,0.0000388795,OK,0,NORM_OPTRN,NORM_OPTRN,1,1,1,1,0,0,0,0,70,70,True,True,-1,-1,-1,-1,-1,
18,30/04/2025  11:42:57,Sleep Mode,999.9,999.9,1/Parking Off,12.5,0.0000383284,OK,0,NORM_OPTRN,NORM_OPTRN,1,1,1,1,0,0,0,0,70,70,True,True,-1,-1,-1,-1,-1,
19,30/04/2025  11:44:02,Sleep Mode,999.9,999.9,1/Parking Off,12.5,0.0000384231,OK,0,NORM_OPTRN,NORM_OPTRN,1,1,1,1,0,0,0,0,70,70,True,True,-1,-1,-1,-1,-1,
20,30/04/2025  11:45:07,Sleep Mode,999.9,999.9,1/Parking Off,12.5,0.0000377428,OK,0,NORM_OPTRN,NORM_OPTRN,1,1,1,1,0,0,0,0,70,70,True,True,-1,-1,-1,-1,-1,
21,30/04/2025  11:46:11,Sleep Mode,999.9,999.9,1/Parking Off,12.5,0.0000393961,OK,0,NORM_OPTRN,NORM_OPTRN,1,1,1,1,0,0,0,0,70,70,True,True,-1,-1,-1,-1,-1,
22,30/04/2025  11:47:16,Sleep Mode,999.9,999.9,1/Parking Off,12.5,0.0000377859,OK,0,NORM_OPTRN,NORM_OPTRN,1,1,1,1,0,0,0,0,70,70,True,True,-1,-1,-1,-1,-1,
23,30/04/2025  11:48:21,Sleep Mode,999.9,999.9,1/Parking Off,12.5,0.0000399903,OK,0,NORM_OPTRN,NORM_OPTRN,1,1,1,1,0,0,0,0,70,70,True,True,-1,-1,-1,-1,-1,
24,30/04/2025  11:49:26,Sleep Mode,999.9,999.9,1/Parking Off,12.5,0.00003745,OK,0,NORM_OPTRN,NORM_OPTRN,1,1,1,1,0,0,0,0,70,70,True,True,-1,-1,-1,-1,-1,
25,30/04/2025  11:50:31,Sleep Mode,999.9,999.9,1/Parking Off,12.5,0.0000417642,OK,0,NORM_OPTRN,NORM_OPTRN,1,1,1,1,0,0,0,0,70,70,True,True,-1,-1,-1,-1,-1,
26,30/04/2025  11:51:35,Sleep Mode,999.9,999.9,1/Parking Off,12.5,0.0000382681,OK,0,NORM_OPTRN,NORM_OPTRN,1,1,1,1,0,0,0,0,70,70,True,True,-1,-1,-1,-1,-1,
27,30/04/2025  11:52:40,Sleep Mode,999.9,999.9,1/Parking Off,12.5,0.000040817,OK,0,NORM_OPTRN,NORM_OPTRN,1,1,1,1,0,0,0,0,70,70,True,True,-1,-1,-1,-1,-1,
28,30/04/2025  11:53:45,Sleep Mode,999.9,999.9,1/Parking Off,12.5,0.000037717,OK,0,NORM_OPTRN,NORM_OPTRN,1,1,1,1,0,0,0,0,70,70,True,True,-1,-1,-1,-1,-1,
29,30/04/2025  11:54:50,Sleep Mode,999.9,999.9,1/Parking Off,12.5,0.0000376481,OK,0,NORM_OPTRN,NORM_OPTRN,1,1,1,1,0,0,0,0,70,70,True,True,-1,-1,-1,-1,-1,
30,30/04/2025  11:55:55,Sleep Mode,999.9,999.9,1/Parking Off,12.5,0.0000376309,OK,0,NORM_OPTRN,NORM_OPTRN,1,1,1,1,0,0,0,0,70,70,True,True,-1,-1,-1,-1,-1,
31,30/04/2025  11:57:00,Sleep Mode,999.9,999.9,1/Parking Off,12.5,0.0000382078,OK,0,NORM_OPTRN,NORM_OPTRN,1,1,1,1,0,0,0,0,70,70,True,True,-1,-1,-1,-1,-1,
32,30/04/2025  11:58:05,Sleep Mode,999.9,999.9,1/Parking Off,12.5,0.0000375878,OK,0,NORM_OPTRN,NORM_OPTRN,1,1,1,1,0,0,0,0,70,70,True,True,-1,-1,-1,-1,-1,
33,30/04/2025  11:59:09,Sleep Mode,999.9,999.9,1/Parking Off,12.5,0.0000378203,OK,0,NORM_OPTRN,NORM_OPTRN,1,1,1,1,0,0,0,0,70,70,True,True,-1,-1,-1,-1,-1,
34,30/04/2025  12:00:14,Sleep Mode,999.9,999.9,1/Parking Off,12.5,0.0000383456,OK,0,NORM_OPTRN,NORM_OPTRN,1,1,1,1,0,0,0,0,70,70,True,True,-1,-1,-1,-1,-1,
35,30/04/2025  12:01:19,Sleep Mode,999.9,999.9,1/Parking Off,12.5,0.0000382336,OK,0,NORM_OPTRN,NORM_OPTRN,1,1,1,1,0,0,0,0,70,70,True,True,-1,-1,-1,-1,-1,
36,30/04/2025  12:02:19,Sleep Mode,999.9,999.9,1/Parking Off,12.5,0.0000369075,OK,0,NORM_OPTRN,NORM_OPTRN,1,1,1,1,0,0,0,0,70,70,True,True,-1,-1,-1,-1,-1,
37,30/04/2025  12:03:24,Sleep Mode,999.9,999.9,1/Parking Off,12.5,0.0000370625,OK,0,NORM_OPTRN,NORM_OPTRN,1,1,1,1,0,0,0,0,70,70,True,True,-1,-1,-1,-1,-1,
38,30/04/2025  12:04:29,Sleep Mode,999.9,999.9,1/Parking Off,12.5,0.0000374586,OK,0,NORM_OPTRN,NORM_OPTRN,1,1,1,1,0,0,0,0,70,70,True,True,-1,-1,-1,-1,-1,
39,30/04/2025  12:05:34,Sleep Mode,999.9,999.9,1/Parking Off,12.5,0.0000368472,OK,0,NORM_OPTRN,NORM_OPTRN,1,1,1,1,0,0,0,0,70,70,True,True,-1,-1,-1,-1,-1,
40,30/04/2025  12:06:39,Sleep Mode,999.9,999.9,1/Parking Off,12.5,0.0000370453,OK,0,NORM_OPTRN,NORM_OPTRN,1,1,1,1,0,0,0,0,70,70,True,True,-1,-1,-1,-1,-1,
41,30/04/2025  12:07:43,Sleep Mode,999.9,999.9,1/Parking Off,12.5,0.0000361669,OK,0,NORM_OPTRN,NORM_OPTRN,1,1,1,1,0,0,0,0,70,70,True,True,-1,-1,-1,-1,-1,
42,30/04/2025  12:08:48,Sleep Mode,999.9,999.9,1/Parking Off,12.5,0.0000408601,OK,0,NORM_OPTRN,NORM_OPTRN,1,1,1,1,0,0,0,0,70,70,True,True,-1,-1,-1,-1,-1,
43,30/04/2025  12:09:53,Sleep Mode,999.9,999.9,1/Parking Off,12.5,0.0000357536,OK,0,NORM_OPTRN,NORM_OPTRN,1,1,1,1,0,0,0,0,70,70,True,True,-1,-1,-1,-1,-1,
44,30/04/2025  12:10:58,Sleep Mode,999.9,999.9,1/Parking Off,12.5,0.0000397492,OK,0,NORM_OPTRN,NORM_OPTRN,1,1,1,1,0,0,0,0,70,70,True,True,-1,-1,-1,-1,-1,
45,30/04/2025  12:12:03,Sleep Mode,999.9,999.9,1/Parking Off,12.5,0.000036985,OK,0,NORM_OPTRN,NORM_OPTRN,1,1,1,1,0,0,0,0,70,70,True,True,-1,-1,-1,-1,-1,
46,30/04/2025  12:13:08,Sleep Mode,999.9,999.9,1/Parking Off,12.5,0.0000367008,OK,0,NORM_OPTRN,NORM_OPTRN,1,1,1,1,0,0,0,0,70,70,True,True,-1,-1,-1,-1,-1,
47,30/04/2025  12:14:13,Sleep Mode,999.9,999.9,1/Parking Off,12.5,0.0000370022,OK,0,NORM_OPTRN,NORM_OPTRN,1,1,1,1,0,0,0,0,70,70,True,True,-1,-1,-1,-1,-1,
48,30/04/2025  12:15:17,Sleep Mode,999.9,999.9,1/Parking Off,12.5,0.000039465,OK,0,NORM_OPTRN,NORM_OPTRN,1,1,1,1,0,0,0,0,70,70,True,True,-1,-1,-1,-1,-1,
49,30/04/2025  12:16:22,Sleep Mode,999.9,999.9,1/Parking Off,12.5,0.0000366836,OK,0,NORM_OPTRN,NORM_OPTRN,1,1,1,1,0,0,0,0,70,70,True,True,-1,-1,-1,-1,-1,
50,30/04/2025  12:17:27,Sleep Mode,999.9,999.9,1/Parking Off,12.5,0.000035435,OK,0,NORM_OPTRN,NORM_OPTRN,1,1,1,1,0,0,0,0,70,70,True,True,-1,-1,-1,-1,-1,
51,30/04/2025  12:18:32,Sleep Mode,999.9,999.9,1/Parking Off,12.5,0.0000366147,OK,0,NORM_OPTRN,NORM_OPTRN,1,1,1,1,0,0,0,0,70,70,True,True,-1,-1,-1,-1,-1,
52,30/04/2025  12:19:36,Sleep Mode,999.9,999.9,1/Parking Off,12.5,0.0000366492,OK,0,NORM_OPTRN,NORM_OPTRN,1,1,1,1,0,0,0,0,70,70,True,True,-1,-1,-1,-1,-1,
53,30/04/2025  12:20:41,Sleep Mode,999.9,999.9,1/Parking Off,12.5,0.0000374328,OK,0,NORM_OPTRN,NORM_OPTRN,1,1,1,1,0,0,0,0,70,70,True,True,-1,-1,-1,-1,-1,
54,30/04/2025  12:21:46,Sleep Mode,999.9,999.9,5/Operating Max Mode,12.5,0.000037872,OK,0,NORM_OPTRN,NORM_OPTRN,1,1,1,1,0,0,0,0,70,70,True,True,-1,-1,-1,-1,-1,
55,30/04/2025  12:28:16,Wake Mode,999.9,999.9,5/Operating Max Mode,13.5,2.817934,NOK,0,NORM_OPTRN,NORM_OPTRN,1,1,1,1,0,0,0,0,60,60,True,True,-1,-1,-1,-1,-1,
56,30/04/2025  12:34:12,Wake Mode,999.9,999.9,3/Operating Max Mode,13.5,2.812115,NOK,0,NORM_OPTRN,NORM_OPTRN,1,1,1,1,0,0,0,0,60,60,True,False,-1,-1,-1,-1,-1,
57,30/04/2025  12:40:07,Wake Mode,999.9,999.9,3/Operating Max Mode,8,4.096,NOK,0,NORM_OPTRN,NORM_OPTRN,1,1,1,1,0,0,0,0,60,60,True,True,-1,-1,-1,-1,-1,
58,30/04/2025  12:46:03,Wake Mode,999.9,999.9,6/Operating Min Mode,8,4.107513,NOK,0,NORM_OPTRN,NORM_OPTRN,1,1,1,1,0,0,0,0,60,60,True,True,-1,-1,-1,-1,-1,
59,30/04/2025  12:51:59,Wake Mode,999.9,999.9,6/Operating Min Mode,17,2.219825,NOK,0,NORM_OPTRN,NORM_OPTRN,1,1,1,1,0,0,0,0,60,60,True,True,-1,-1,-1,-1,-1,
60,30/04/2025  12:57:54,Wake Mode,999.9,999.9,1/Parking Off,17,2.219228,NOK,0,NORM_OPTRN,NORM_OPTRN,1,1,1,1,0,0,0,0,50,50,False,False,-1,-1,-1,-1,-1,
61,30/04/2025  12:59:22,Sleep Mode,999.9,999.9,1/Parking Off,12.5,0.283082,OK,0,NORM_OPTRN,NORM_OPTRN,1,1,1,1,0,0,0,0,50,50,False,False,-1,-1,-1,-1,-1,
62,30/04/2025  13:00:28,Sleep Mode,999.9,999.9,1/Parking Off,12.5,0.219474,OK,0,NORM_OPTRN,NORM_OPTRN,1,1,1,1,0,0,0,0,50,50,False,False,-1,-1,-1,-1,-1,
63,30/04/2025  13:01:34,Sleep Mode,999.9,999.9,1/Parking Off,12.5,0.281628,OK,0,NORM_OPTRN,NORM_OPTRN,1,1,1,1,0,0,0,0,50,50,False,False,-1,-1,-1,-1,-1,
64,30/04/2025  13:02:40,Sleep Mode,999.9,999.9,1/Parking Off,12.5,0.283096,OK,0,NORM_OPTRN,NORM_OPTRN,1,1,1,1,0,0,0,0,50,50,False,False,-1,-1,-1,-1,-1,
65,30/04/2025  13:03:45,Sleep Mode,999.9,999.9,1/Parking Off,12.5,0.281747,OK,0,NORM_OPTRN,NORM_OPTRN,1,1,1,1,0,0,0,0,50,50,False,False,-1,-1,-1,-1,-1,
66,30/04/2025  13:04:51,Sleep Mode,999.9,999.9,1/Parking Off,12.5,0.282996,OK,0,NORM_OPTRN,NORM_OPTRN,1,1,1,1,0,0,0,0,50,50,False,False,-1,-1,-1,-1,-1,
67,30/04/2025  13:05:57,Sleep Mode,999.9,999.9,1/Parking Off,12.5,0.090081,OK,0,NORM_OPTRN,NORM_OPTRN,1,1,1,1,0,0,0,0,50,50,False,False,-1,-1,-1,-1,-1,
68,30/04/2025  13:07:03,Sleep Mode,999.9,999.9,1/Parking Off,12.5,0.282087,OK,0,NORM_OPTRN,NORM_OPTRN,1,1,1,1,0,0,0,0,50,50,False,False,-1,-1,-1,-1,-1,
69,30/04/2025  13:08:09,Sleep Mode,999.9,999.9,1/Parking Off,12.5,0.283077,OK,0,NORM_OPTRN,NORM_OPTRN,1,1,1,1,0,0,0,0,50,50,False,False,-1,-1,-1,-1,-1,
70,30/04/2025  13:09:13,Sleep Mode,999.9,999.9,1/Parking Off,12.5,0.2832,OK,0,NORM_OPTRN,NORM_OPTRN,1,1,1,1,0,0,0,0,50,50,False,False,-1,-1,-1,-1,-1,
71,30/04/2025  13:10:18,Sleep Mode,999.9,999.9,1/Parking Off,12.5,0.282111,OK,0,NORM_OPTRN,NORM_OPTRN,1,1,1,1,0,0,0,0,50,50,False,False,-1,-1,-1,-1,-1,
72,30/04/2025  13:11:22,Sleep Mode,999.9,999.9,1/Parking Off,12.5,0.283375,OK,0,NORM_OPTRN,NORM_OPTRN,1,1,1,1,0,0,0,0,50,50,False,False,-1,-1,-1,-1,-1,
73,30/04/2025  13:12:26,Sleep Mode,999.9,999.9,1/Parking Off,12.5,0.28347,OK,0,NORM_OPTRN,NORM_OPTRN,1,1,1,1,0,0,0,0,50,50,False,False,-1,-1,-1,-1,-1,
74,30/04/2025  13:13:31,Sleep Mode,999.9,999.9,1/Parking Off,12.5,0.282419,OK,0,NORM_OPTRN,NORM_OPTRN,1,1,1,1,0,0,0,0,50,50,False,False,-1,-1,-1,-1,-1,
75,30/04/2025  13:14:36,Sleep Mode,999.9,999.9,1/Parking Off,12.5,0.28373,OK,0,NORM_OPTRN,NORM_OPTRN,1,1,1,1,0,0,0,0,50,50,False,False,-1,-1,-1,-1,-1,
76,30/04/2025  13:15:40,Sleep Mode,999.9,999.9,1/Parking Off,12.5,0.283934,OK,0,NORM_OPTRN,NORM_OPTRN,1,1,1,1,0,0,0,0,50,50,False,False,-1,-1,-1,-1,-1,
77,30/04/2025  13:16:45,Sleep Mode,999.9,999.9,1/Parking Off,12.5,0.282575,OK,0,NORM_OPTRN,NORM_OPTRN,1,1,1,1,0,0,0,0,50,50,False,False,-1,-1,-1,-1,-1,
78,30/04/2025  13:17:49,Sleep Mode,999.9,999.9,1/Parking Off,12.5,0.284057,OK,0,NORM_OPTRN,NORM_OPTRN,1,1,1,1,0,0,0,0,50,50,False,False,-1,-1,-1,-1,-1,
79,30/04/2025  13:18:54,Sleep Mode,999.9,999.9,1/Parking Off,12.5,0.284114,OK,0,NORM_OPTRN,NORM_OPTRN,1,1,1,1,0,0,0,0,50,50,False,False,-1,-1,-1,-1,-1,
80,30/04/2025  13:19:58,Sleep Mode,999.9,999.9,1/Parking Off,12.5,0.283129,OK,0,NORM_OPTRN,NORM_OPTRN,1,1,1,1,0,0,0,0,50,50,False,False,-1,-1,-1,-1,-1,
81,30/04/2025  13:21:03,Sleep Mode,999.9,999.9,1/Parking Off,12.5,0.284293,OK,0,NORM_OPTRN,NORM_OPTRN,1,1,1,1,0,0,0,0,50,50,False,False,-1,-1,-1,-1,-1,
82,30/04/2025  13:22:05,Sleep Mode,999.9,999.9,1/Parking Off,12.5,0.0000336439,OK,0,NORM_OPTRN,NORM_OPTRN,1,1,1,1,0,0,0,0,50,50,False,False,-1,-1,-1,-1,-1,
83,30/04/2025  13:23:06,Sleep Mode,999.9,999.9,1/Parking Off,12.5,0.0000326277,OK,0,NORM_OPTRN,NORM_OPTRN,1,1,1,1,0,0,0,0,50,50,False,False,-1,-1,-1,-1,-1,
84,30/04/2025  13:24:06,Sleep Mode,999.9,999.9,1/Parking Off,12.5,0.0000396373,OK,0,NORM_OPTRN,NORM_OPTRN,1,1,1,1,0,0,0,0,50,50,False,False,-1,-1,-1,-1,-1,
85,30/04/2025  13:25:11,Sleep Mode,999.9,999.9,1/Parking Off,12.5,0.0000366578,OK,0,NORM_OPTRN,NORM_OPTRN,1,1,1,1,0,0,0,0,50,50,False,False,-1,-1,-1,-1,-1,
86,30/04/2025  13:26:16,Sleep Mode,999.9,999.9,1/Parking Off,12.5,0.0000374156,OK,0,NORM_OPTRN,NORM_OPTRN,1,1,1,1,0,0,0,0,50,50,False,False,-1,-1,-1,-1,-1,
87,30/04/2025  13:27:21,Sleep Mode,999.9,999.9,1/Parking Off,12.5,0.0000379409,OK,0,NORM_OPTRN,NORM_OPTRN,1,1,1,1,0,0,0,0,50,50,False,False,-1,-1,-1,-1,-1,
88,30/04/2025  13:28:26,Sleep Mode,999.9,999.9,1/Parking Off,12.5,0.0000371486,OK,0,NORM_OPTRN,NORM_OPTRN,1,1,1,1,0,0,0,0,50,50,False,False,-1,-1,-1,-1,-1,
89,30/04/2025  13:29:30,Sleep Mode,999.9,999.9,1/Parking Off,12.5,0.0000391809,OK,0,NORM_OPTRN,NORM_OPTRN,1,1,1,1,0,0,0,0,50,50,False,False,-1,-1,-1,-1,-1,
90,30/04/2025  13:30:35,Sleep Mode,999.9,999.9,1/Parking Off,12.5,0.0000366922,OK,0,NORM_OPTRN,NORM_OPTRN,1,1,1,1,0,0,0,0,50,50,False,False,-1,-1,-1,-1,-1,
91,30/04/2025  13:31:40,Sleep Mode,999.9,999.9,1/Parking Off,12.5,0.0000376567,OK,0,NORM_OPTRN,NORM_OPTRN,1,1,1,1,0,0,0,0,50,50,False,False,-1,-1,-1,-1,-1,
92,30/04/2025  13:32:44,Sleep Mode,999.9,999.9,1/Parking Off,12.5,0.0000371831,OK,0,NORM_OPTRN,NORM_OPTRN,1,1,1,1,0,0,0,0,50,50,False,False,-1,-1,-1,-1,-1,
93,30/04/2025  13:33:49,Sleep Mode,999.9,999.9,1/Parking Off,12.5,0.0000382595,OK,0,NORM_OPTRN,NORM_OPTRN,1,1,1,1,0,0,0,0,50,50,False,False,-1,-1,-1,-1,-1,
94,30/04/2025  13:34:54,Sleep Mode,999.9,999.9,1/Parking Off,12.5,0.0000377686,OK,0,NORM_OPTRN,NORM_OPTRN,1,1,1,1,0,0,0,0,50,50,False,False,-1,-1,-1,-1,-1,
95,30/04/2025  13:35:59,Sleep Mode,999.9,999.9,1/Parking Off,12.5,0.0000372864,OK,0,NORM_OPTRN,NORM_OPTRN,1,1,1,1,0,0,0,0,50,50,False,False,-1,-1,-1,-1,-1,
96,30/04/2025  13:37:04,Sleep Mode,999.9,999.9,1/Parking Off,12.5,0.0000378634,OK,0,NORM_OPTRN,NORM_OPTRN,1,1,1,1,0,0,0,0,50,50,False,False,-1,-1,-1,-1,-1,
97,30/04/2025  13:38:09,Sleep Mode,999.9,999.9,1/Parking Off,12.5,0.0000381906,OK,0,NORM_OPTRN,NORM_OPTRN,1,1,1,1,0,0,0,0,50,50,False,False,-1,-1,-1,-1,-1,
98,30/04/2025  13:39:13,Sleep Mode,999.9,999.9,1/Parking Off,12.5,0.0000383284,OK,0,NORM_OPTRN,NORM_OPTRN,1,1,1,1,0,0,0,0,50,50,False,False,-1,-1,-1,-1,-1,
99,30/04/2025  13:40:18,Sleep Mode,999.9,999.9,1/Parking Off,12.5,0.0000373208,OK,0,NORM_OPTRN,NORM_OPTRN,1,1,1,1,0,0,0,0,50,50,False,False,-1,-1,-1,-1,-1,
100,30/04/2025  13:41:23,Sleep Mode,999.9,999.9,1/Parking Off,12.5,0.0000395684,OK,0,NORM_OPTRN,NORM_OPTRN,1,1,1,1,0,0,0,0,50,50,False,False,-1,-1,-1,-1,-1,
101,30/04/2025  13:42:28,Sleep Mode,999.9,999.9,1/Parking Off,12.5,0.0000385523,OK,0,NORM_OPTRN,NORM_OPTRN,1,1,1,1,0,0,0,0,50,50,False,False,-1,-1,-1,-1,-1,
102,30/04/2025  13:43:32,Sleep Mode,999.9,999.9,1/Parking Off,12.5,0.0000375361,OK,0,NORM_OPTRN,NORM_OPTRN,1,1,1,1,0,0,0,0,50,50,False,False,-1,-1,-1,-1,-1,
103,30/04/2025  13:44:37,Sleep Mode,999.9,999.9,1/Parking Off,12.5,0.0000383542,OK,0,NORM_OPTRN,NORM_OPTRN,1,1,1,1,0,0,0,0,50,50,False,False,-1,-1,-1,-1,-1,
104,30/04/2025  13:45:42,Sleep Mode,999.9,999.9,1/Parking Off,12.5,0.0000395167,OK,0,NORM_OPTRN,NORM_OPTRN,1,1,1,1,0,0,0,0,50,50,False,False,-1,-1,-1,-1,-1,
105,30/04/2025  13:46:47,Sleep Mode,999.9,999.9,1/Parking Off,12.5,0.0000380097,OK,0,NORM_OPTRN,NORM_OPTRN,1,1,1,1,0,0,0,0,50,50,False,False,-1,-1,-1,-1,-1,
106,30/04/2025  13:47:52,Sleep Mode,999.9,999.9,1/Parking Off,12.5,0.0000377084,OK,0,NORM_OPTRN,NORM_OPTRN,1,1,1,1,0,0,0,0,50,50,False,False,-1,-1,-1,-1,-1,
107,30/04/2025  13:48:56,Sleep Mode,999.9,999.9,1/Parking Off,12.5,0.0000383886,OK,0,NORM_OPTRN,NORM_OPTRN,1,1,1,1,0,0,0,0,50,50,False,False,-1,-1,-1,-1,-1,
108,30/04/2025  13:50:01,Sleep Mode,999.9,999.9,5/Operating Max Mode,12.5,0.0000382336,OK,0,NORM_OPTRN,NORM_OPTRN,1,1,1,1,0,0,0,0,50,50,False,False,-1,-1,-1,-1,-1,
109,30/04/2025  13:56:33,Wake Mode,999.9,999.9,5/Operating Max Mode,13.5,2.764722,NOK,0,NORM_OPTRN,NORM_OPTRN,1,1,1,1,0,0,0,0,70,70,False,True,-1,-1,-1,-1,-1,
110,30/04/2025  14:02:29,Wake Mode,999.9,999.9,3/Operating Max Mode,13.5,2.760703,NOK,0,NORM_OPTRN,NORM_OPTRN,1,1,1,1,0,0,0,0,70,70,True,True,-1,-1,-1,-1,-1,
111,30/04/2025  14:08:24,Wake Mode,999.9,999.9,3/Operating Max Mode,8,3.959217,NOK,0,NORM_OPTRN,NORM_OPTRN,1,1,1,1,0,0,0,0,70,70,True,True,-1,-1,-1,-1,-1,
112,30/04/2025  14:14:19,Wake Mode,999.9,999.9,6/Operating Min Mode,8,3.966853,NOK,0,NORM_OPTRN,NORM_OPTRN,1,1,1,1,0,0,0,0,70,70,True,True,-1,-1,-1,-1,-1,
113,30/04/2025  14:20:15,Wake Mode,999.9,999.9,6/Operating Min Mode,17,2.171063,NOK,0,NORM_OPTRN,NORM_OPTRN,1,1,1,1,0,0,0,0,70,70,True,True,-1,-1,-1,-1,-1,
114,30/04/2025  14:26:10,Wake Mode,999.9,999.9,1/Parking Off,17,2.16935,NOK,0,NORM_OPTRN,NORM_OPTRN,1,1,1,1,0,0,0,0,70,70,True,True,-1,-1,-1,-1,-1,
115,30/04/2025  14:27:32,Sleep Mode,999.9,999.9,1/Parking Off,12.5,0.000036942,OK,0,NORM_OPTRN,NORM_OPTRN,1,1,1,1,0,0,0,0,70,70,True,True,-1,-1,-1,-1,-1,
116,30/04/2025  14:28:37,Sleep Mode,999.9,999.9,1/Parking Off,12.5,0.000038957,OK,0,NORM_OPTRN,NORM_OPTRN,1,1,1,1,0,0,0,0,70,70,True,True,-1,-1,-1,-1,-1,
117,30/04/2025  14:29:42,Sleep Mode,999.9,999.9,1/Parking Off,12.5,0.0000406792,OK,0,NORM_OPTRN,NORM_OPTRN,1,1,1,1,0,0,0,0,70,70,True,True,-1,-1,-1,-1,-1,
118,30/04/2025  14:30:47,Sleep Mode,999.9,999.9,1/Parking Off,12.5,0.0000404209,OK,0,NORM_OPTRN,NORM_OPTRN,1,1,1,1,0,0,0,0,70,70,True,True,-1,-1,-1,-1,-1,
119,30/04/2025  14:31:52,Sleep Mode,999.9,999.9,1/Parking Off,12.5,0.0000390431,OK,0,NORM_OPTRN,NORM_OPTRN,1,1,1,1,0,0,0,0,70,70,True,True,-1,-1,-1,-1,-1,
120,30/04/2025  14:32:56,Sleep Mode,999.9,999.9,1/Parking Off,12.5,0.0000420226,OK,0,NORM_OPTRN,NORM_OPTRN,1,1,1,1,0,0,0,0,70,70,True,True,-1,-1,-1,-1,-1,
121,30/04/2025  14:34:01,Sleep Mode,999.9,999.9,1/Parking Off,12.5,0.0000386125,OK,0,NORM_OPTRN,NORM_OPTRN,1,1,1,1,0,0,0,0,70,70,True,True,-1,-1,-1,-1,-1,
122,30/04/2025  14:35:06,Sleep Mode,999.9,999.9,1/Parking Off,12.5,0.000042324,OK,0,NORM_OPTRN,NORM_OPTRN,1,1,1,1,0,0,0,0,70,70,True,True,-1,-1,-1,-1,-1,
123,30/04/2025  14:36:11,Sleep Mode,999.9,999.9,1/Parking Off,12.5,0.0000388967,OK,0,NORM_OPTRN,NORM_OPTRN,1,1,1,1,0,0,0,0,70,70,True,True,-1,-1,-1,-1,-1,
124,30/04/2025  14:37:16,Sleep Mode,999.9,999.9,1/Parking Off,12.5,0.0000423584,OK,0,NORM_OPTRN,NORM_OPTRN,1,1,1,1,0,0,0,0,70,70,True,True,-1,-1,-1,-1,-1,
125,30/04/2025  14:38:21,Sleep Mode,999.9,999.9,1/Parking Off,12.5,0.000039267,OK,0,NORM_OPTRN,NORM_OPTRN,1,1,1,1,0,0,0,0,70,70,True,True,-1,-1,-1,-1,-1,
126,30/04/2025  14:39:25,Sleep Mode,999.9,999.9,1/Parking Off,12.5,0.0000392153,OK,0,NORM_OPTRN,NORM_OPTRN,1,1,1,1,0,0,0,0,70,70,True,True,-1,-1,-1,-1,-1,
127,30/04/2025  14:40:30,Sleep Mode,999.9,999.9,1/Parking Off,12.5,0.000040662,OK,0,NORM_OPTRN,NORM_OPTRN,1,1,1,1,0,0,0,0,70,70,True,True,-1,-1,-1,-1,-1,
128,30/04/2025  14:41:35,Sleep Mode,999.9,999.9,1/Parking Off,12.5,0.000038957,OK,0,NORM_OPTRN,NORM_OPTRN,1,1,1,1,0,0,0,0,70,70,True,True,-1,-1,-1,-1,-1,
129,30/04/2025  14:42:40,Sleep Mode,999.9,999.9,1/Parking Off,12.5,0.0000416695,OK,0,NORM_OPTRN,NORM_OPTRN,1,1,1,1,0,0,0,0,70,70,True,True,-1,-1,-1,-1,-1,
130,30/04/2025  14:43:44,Sleep Mode,999.9,999.9,1/Parking Off,12.5,0.0000383973,OK,0,NORM_OPTRN,NORM_OPTRN,1,1,1,1,0,0,0,0,70,70,True,True,-1,-1,-1,-1,-1,
131,30/04/2025  14:44:49,Sleep Mode,999.9,999.9,1/Parking Off,12.5,0.0000434779,OK,0,NORM_OPTRN,NORM_OPTRN,1,1,1,1,0,0,0,0,70,70,True,True,-1,-1,-1,-1,-1,
132,30/04/2025  14:45:54,Sleep Mode,999.9,999.9,1/Parking Off,12.5,0.000039732,OK,0,NORM_OPTRN,NORM_OPTRN,1,1,1,1,0,0,0,0,70,70,True,True,-1,-1,-1,-1,-1,
133,30/04/2025  14:46:59,Sleep Mode,999.9,999.9,1/Parking Off,12.5,0.0000391723,OK,0,NORM_OPTRN,NORM_OPTRN,1,1,1,1,0,0,0,0,70,70,True,True,-1,-1,-1,-1,-1,
134,30/04/2025  14:48:04,Sleep Mode,999.9,999.9,1/Parking Off,12.5,0.0000398439,OK,0,NORM_OPTRN,NORM_OPTRN,1,1,1,1,0,0,0,0,70,70,True,True,-1,-1,-1,-1,-1,
135,30/04/2025  14:49:08,Sleep Mode,999.9,999.9,1/Parking Off,12.5,0.0000397062,OK,0,NORM_OPTRN,NORM_OPTRN,1,1,1,1,0,0,0,0,70,70,True,True,-1,-1,-1,-1,-1,
136,30/04/2025  14:50:13,Sleep Mode,999.9,999.9,1/Parking Off,12.5,0.0000409376,OK,0,NORM_OPTRN,NORM_OPTRN,1,1,1,1,0,0,0,0,70,70,True,True,-1,-1,-1,-1,-1,
137,30/04/2025  14:51:18,Sleep Mode,999.9,999.9,1/Parking Off,12.5,0.0000409892,OK,0,NORM_OPTRN,NORM_OPTRN,1,1,1,1,0,0,0,0,70,70,True,True,-1,-1,-1,-1,-1,
138,30/04/2025  14:52:18,Sleep Mode,999.9,999.9,1/Parking Off,12.5,0.0000402745,OK,0,NORM_OPTRN,NORM_OPTRN,1,1,1,1,0,0,0,0,70,70,True,True,-1,-1,-1,-1,-1,
139,30/04/2025  14:53:23,Sleep Mode,999.9,999.9,1/Parking Off,12.5,0.0000405501,OK,0,NORM_OPTRN,NORM_OPTRN,1,1,1,1,0,0,0,0,70,70,True,True,-1,-1,-1,-1,-1,
140,30/04/2025  14:54:28,Sleep Mode,999.9,999.9,1/Parking Off,12.5,0.0000403692,OK,0,NORM_OPTRN,NORM_OPTRN,1,1,1,1,0,0,0,0,70,70,True,True,-1,-1,-1,-1,-1,
141,30/04/2025  14:55:32,Sleep Mode,999.9,999.9,1/Parking Off,12.5,0.0000409892,OK,0,NORM_OPTRN,NORM_OPTRN,1,1,1,1,0,0,0,0,70,70,True,True,-1,-1,-1,-1,-1,
142,30/04/2025  14:56:37,Sleep Mode,999.9,999.9,1/Parking Off,12.5,0.0000410926,OK,0,NORM_OPTRN,NORM_OPTRN,1,1,1,1,0,0,0,0,70,70,True,True,-1,-1,-1,-1,-1,
143,30/04/2025  14:57:42,Sleep Mode,999.9,999.9,1/Parking Off,12.5,0.0000429698,OK,0,NORM_OPTRN,NORM_OPTRN,1,1,1,1,0,0,0,0,70,70,True,True,-1,-1,-1,-1,-1,
144,30/04/2025  14:58:47,Sleep Mode,999.9,999.9,1/Parking Off,12.5,0.0000410926,OK,0,NORM_OPTRN,NORM_OPTRN,1,1,1,1,0,0,0,0,70,70,True,True,-1,-1,-1,-1,-1,
145,30/04/2025  14:59:52,Sleep Mode,999.9,999.9,1/Parking Off,12.5,0.0000419192,OK,0,NORM_OPTRN,NORM_OPTRN,1,1,1,1,0,0,0,0,70,70,True,True,-1,-1,-1,-1,-1,
146,30/04/2025  15:00:57,Sleep Mode,999.9,999.9,1/Parking Off,12.5,0.0000423412,OK,0,NORM_OPTRN,NORM_OPTRN,1,1,1,1,0,0,0,0,70,70,True,True,-1,-1,-1,-1,-1,
147,30/04/2025  15:01:56,Sleep Mode,999.9,999.9,1/Parking Off,12.5,0.0000445112,OK,0,NORM_OPTRN,NORM_OPTRN,1,1,1,1,0,0,0,0,70,70,True,True,-1,-1,-1,-1,-1,
148,30/04/2025  15:03:01,Sleep Mode,999.9,999.9,1/Parking Off,12.5,0.0000421173,OK,0,NORM_OPTRN,NORM_OPTRN,1,1,1,1,0,0,0,0,70,70,True,True,-1,-1,-1,-1,-1,
149,30/04/2025  15:04:06,Sleep Mode,999.9,999.9,1/Parking Off,12.5,0.0000411873,OK,0,NORM_OPTRN,NORM_OPTRN,1,1,1,1,0,0,0,0,70,70,True,True,-1,-1,-1,-1,-1,
150,30/04/2025  15:05:11,Sleep Mode,999.9,999.9,1/Parking Off,12.5,0.0000422034,OK,0,NORM_OPTRN,NORM_OPTRN,1,1,1,1,0,0,0,0,70,70,True,True,-1,-1,-1,-1,-1,
151,30/04/2025  15:06:11,Sleep Mode,999.9,999.9,1/Parking Off,12.5,0.0000423498,OK,0,NORM_OPTRN,NORM_OPTRN,1,1,1,1,0,0,0,0,70,70,True,True,-1,-1,-1,-1,-1,
152,30/04/2025  15:07:16,Sleep Mode,999.9,999.9,1/Parking Off,12.5,0.0000425823,OK,0,NORM_OPTRN,NORM_OPTRN,1,1,1,1,0,0,0,0,70,70,True,True,-1,-1,-1,-1,-1,
153,30/04/2025  15:08:21,Sleep Mode,999.9,999.9,1/Parking Off,12.5,0.0000430387,OK,0,NORM_OPTRN,NORM_OPTRN,1,1,1,1,0,0,0,0,70,70,True,True,-1,-1,-1,-1,-1,
154,30/04/2025  15:09:21,Sleep Mode,999.9,999.9,1/Parking Off,12.5,0.0000424876,OK,0,NORM_OPTRN,NORM_OPTRN,1,1,1,1,0,0,0,0,70,70,True,True,-1,-1,-1,-1,-1,
155,30/04/2025  15:10:25,Sleep Mode,999.9,999.9,1/Parking Off,12.5,0.0000439601,OK,0,NORM_OPTRN,NORM_OPTRN,1,1,1,1,0,0,0,0,70,70,True,True,-1,-1,-1,-1,-1,
156,30/04/2025  15:11:30,Sleep Mode,999.9,999.9,1/Parking Off,12.5,0.0000424187,OK,0,NORM_OPTRN,NORM_OPTRN,1,1,1,1,0,0,0,0,70,70,True,True,-1,-1,-1,-1,-1,
157,30/04/2025  15:12:35,Sleep Mode,999.9,999.9,1/Parking Off,12.5,0.0000463368,OK,0,NORM_OPTRN,NORM_OPTRN,1,1,1,1,0,0,0,0,70,70,True,True,-1,-1,-1,-1,-1,
158,30/04/2025  15:13:40,Sleep Mode,999.9,999.9,1/Parking Off,12.5,0.0000432109,OK,0,NORM_OPTRN,NORM_OPTRN,1,1,1,1,0,0,0,0,70,70,True,True,-1,-1,-1,-1,-1,
159,30/04/2025  15:14:44,Sleep Mode,999.9,999.9,1/Parking Off,12.5,0.0000465004,OK,0,NORM_OPTRN,NORM_OPTRN,1,1,1,1,0,0,0,0,70,70,True,True,-1,-1,-1,-1,-1,
160,30/04/2025  15:15:49,Sleep Mode,999.9,999.9,1/Parking Off,12.5,0.0000438481,OK,0,NORM_OPTRN,NORM_OPTRN,1,1,1,1,0,0,0,0,70,70,True,True,-1,-1,-1,-1,-1,
161,30/04/2025  15:16:54,Sleep Mode,999.9,999.9,1/Parking Off,12.5,0.0000436931,OK,0,NORM_OPTRN,NORM_OPTRN,1,1,1,1,0,0,0,0,70,70,True,True,-1,-1,-1,-1,-1,
162,30/04/2025  15:17:54,Sleep Mode,999.9,999.9,5/Operating Max Mode,12.5,0.0000429009,OK,0,NORM_OPTRN,NORM_OPTRN,1,1,1,1,0,0,0,0,70,70,True,True,-1,-1,-1,-1,-1,
163,30/04/2025  15:24:26,Wake Mode,999.9,999.9,5/Operating Max Mode,13.5,2.036889,OK,0,CRIT_TEMP,CRIT_TEMP,1,1,1,1,0,0,0,0,40,40,True,True,-1,-1,-1,-1,-1,
164,30/04/2025  15:30:21,Wake Mode,999.9,999.9,3/Operating Max Mode,13.5,2.033925,OK,0,CRIT_TEMP,CRIT_TEMP,1,1,1,1,0,0,0,0,30,30,True,True,-1,-1,-1,-1,-1,
165,30/04/2025  15:36:17,Wake Mode,999.9,999.9,3/Operating Max Mode,8,2.799357,OK,0,CRIT_TEMP,CRIT_TEMP,1,1,1,1,0,0,0,0,20,30,False,False,-1,-1,-1,-1,-1,
166,30/04/2025  15:42:12,Wake Mode,999.9,999.9,6/Operating Min Mode,8,2.584707,OK,0,CRIT_TEMP,CRIT_TEMP,1,1,1,1,0,0,0,0,20,20,True,True,-1,-1,-1,-1,-1,
167,30/04/2025  15:48:08,Wake Mode,999.9,999.9,6/Operating Min Mode,17,1.118289,OK,0,CRIT_TEMP,CRIT_TEMP,1,1,1,1,0,0,0,0,10,10,True,True,-1,-1,-1,-1,-1,
168,30/04/2025  15:54:05,Wake Mode,999.9,999.9,1/Parking Off,17,1.018177,OK,0,HIGH_CRIT_TEMP,HIGH_CRIT_TEMP,0,0,0,0,0,0,0,0,10,10,False,False,-1,-1,-1,-1,-1,
169,30/04/2025  15:55:26,Sleep Mode,999.9,999.9,1/Parking Off,12.5,0.0000442098,OK,0,HIGH_CRIT_TEMP,HIGH_CRIT_TEMP,0,0,0,0,0,0,0,0,10,10,False,False,-1,-1,-1,-1,-1,
170,30/04/2025  15:56:31,Sleep Mode,999.9,999.9,1/Parking Off,12.5,0.0000466382,OK,0,HIGH_CRIT_TEMP,HIGH_CRIT_TEMP,0,0,0,0,0,0,0,0,10,10,False,False,-1,-1,-1,-1,-1,
171,30/04/2025  15:57:35,Sleep Mode,999.9,999.9,1/Parking Off,12.5,0.0000457857,OK,0,HIGH_CRIT_TEMP,HIGH_CRIT_TEMP,0,0,0,0,0,0,0,0,10,10,False,False,-1,-1,-1,-1,-1,
172,30/04/2025  15:58:41,Sleep Mode,999.9,999.9,1/Parking Off,12.5,0.0000485068,OK,0,HIGH_CRIT_TEMP,HIGH_CRIT_TEMP,0,0,0,0,0,0,0,0,10,10,False,False,-1,-1,-1,-1,-1,
173,30/04/2025  15:59:45,Sleep Mode,999.9,999.9,1/Parking Off,12.5,0.0000462334,OK,0,HIGH_CRIT_TEMP,HIGH_CRIT_TEMP,0,0,0,0,0,0,0,0,10,10,False,False,-1,-1,-1,-1,-1,
174,30/04/2025  16:00:50,Sleep Mode,999.9,999.9,1/Parking Off,12.5,0.0000492388,OK,0,HIGH_CRIT_TEMP,HIGH_CRIT_TEMP,0,0,0,0,0,0,0,0,10,10,False,False,-1,-1,-1,-1,-1,
175,30/04/2025  16:01:55,Sleep Mode,999.9,999.9,1/Parking Off,12.5,0.0000457857,OK,0,HIGH_CRIT_TEMP,HIGH_CRIT_TEMP,0,0,0,0,0,0,0,0,10,10,False,False,-1,-1,-1,-1,-1,
176,30/04/2025  16:03:00,Sleep Mode,999.9,999.9,1/Parking Off,12.5,0.0000450193,OK,0,HIGH_CRIT_TEMP,HIGH_CRIT_TEMP,0,0,0,0,0,0,0,0,10,10,False,False,-1,-1,-1,-1,-1,
177,30/04/2025  16:04:05,Sleep Mode,999.9,999.9,1/Parking Off,12.5,0.0000456479,OK,0,HIGH_CRIT_TEMP,HIGH_CRIT_TEMP,0,0,0,0,0,0,0,0,10,10,False,False,-1,-1,-1,-1,-1,
178,30/04/2025  16:05:10,Sleep Mode,999.9,999.9,1/Parking Off,12.5,0.0000474304,OK,0,HIGH_CRIT_TEMP,HIGH_CRIT_TEMP,0,0,0,0,0,0,0,0,10,10,False,False,-1,-1,-1,-1,-1,
179,30/04/2025  16:06:15,Sleep Mode,999.9,999.9,1/Parking Off,12.5,0.0000446748,OK,0,HIGH_CRIT_TEMP,HIGH_CRIT_TEMP,0,0,0,0,0,0,0,0,10,10,False,False,-1,-1,-1,-1,-1,
180,30/04/2025  16:07:19,Sleep Mode,999.9,999.9,1/Parking Off,12.5,0.0000453723,OK,0,HIGH_CRIT_TEMP,HIGH_CRIT_TEMP,0,0,0,0,0,0,0,0,10,10,False,False,-1,-1,-1,-1,-1,
181,30/04/2025  16:08:24,Sleep Mode,999.9,999.9,1/Parking Off,12.5,0.0000449504,OK,0,HIGH_CRIT_TEMP,HIGH_CRIT_TEMP,0,0,0,0,0,0,0,0,10,10,False,False,-1,-1,-1,-1,-1,
182,30/04/2025  16:09:24,Sleep Mode,999.9,999.9,1/Parking Off,12.5,0.0000471979,OK,0,HIGH_CRIT_TEMP,HIGH_CRIT_TEMP,0,0,0,0,0,0,0,0,10,10,False,False,-1,-1,-1,-1,-1,
183,30/04/2025  16:10:29,Sleep Mode,999.9,999.9,1/Parking Off,12.5,0.0000438826,OK,0,HIGH_CRIT_TEMP,HIGH_CRIT_TEMP,0,0,0,0,0,0,0,0,10,10,False,False,-1,-1,-1,-1,-1,
184,30/04/2025  16:11:34,Sleep Mode,999.9,999.9,1/Parking Off,12.5,0.0000433142,OK,0,HIGH_CRIT_TEMP,HIGH_CRIT_TEMP,0,0,0,0,0,0,0,0,10,10,False,False,-1,-1,-1,-1,-1,
185,30/04/2025  16:12:39,Sleep Mode,999.9,999.9,1/Parking Off,12.5,0.0000434004,OK,0,HIGH_CRIT_TEMP,HIGH_CRIT_TEMP,0,0,0,0,0,0,0,0,10,10,False,False,-1,-1,-1,-1,-1,
186,30/04/2025  16:13:44,Sleep Mode,999.9,999.9,1/Parking Off,12.5,0.0000444595,OK,0,HIGH_CRIT_TEMP,HIGH_CRIT_TEMP,0,0,0,0,0,0,0,0,10,10,False,False,-1,-1,-1,-1,-1,
187,30/04/2025  16:14:49,Sleep Mode,999.9,999.9,1/Parking Off,12.5,0.0000429698,OK,0,HIGH_CRIT_TEMP,HIGH_CRIT_TEMP,0,0,0,0,0,0,0,0,10,10,False,False,-1,-1,-1,-1,-1,
188,30/04/2025  16:15:54,Sleep Mode,999.9,999.9,1/Parking Off,12.5,0.0000424273,OK,0,HIGH_CRIT_TEMP,HIGH_CRIT_TEMP,0,0,0,0,0,0,0,0,10,10,False,False,-1,-1,-1,-1,-1,
189,30/04/2025  16:16:58,Sleep Mode,999.9,999.9,1/Parking Off,12.5,0.0000428406,OK,0,HIGH_CRIT_TEMP,HIGH_CRIT_TEMP,0,0,0,0,0,0,0,0,10,10,False,False,-1,-1,-1,-1,-1,
190,30/04/2025  16:18:03,Sleep Mode,999.9,999.9,1/Parking Off,12.5,0.000041437,OK,0,HIGH_CRIT_TEMP,HIGH_CRIT_TEMP,0,0,0,0,0,0,0,0,10,10,False,False,-1,-1,-1,-1,-1,
191,30/04/2025  16:19:08,Sleep Mode,999.9,999.9,1/Parking Off,12.5,0.0000425823,OK,0,HIGH_CRIT_TEMP,HIGH_CRIT_TEMP,0,0,0,0,0,0,0,0,10,10,False,False,-1,-1,-1,-1,-1,
192,30/04/2025  16:20:08,Sleep Mode,999.9,999.9,1/Parking Off,12.5,0.0000413767,OK,0,HIGH_CRIT_TEMP,HIGH_CRIT_TEMP,0,0,0,0,0,0,0,0,10,10,False,False,-1,-1,-1,-1,-1,
193,30/04/2025  16:21:13,Sleep Mode,999.9,999.9,1/Parking Off,12.5,0.0000415576,OK,0,HIGH_CRIT_TEMP,HIGH_CRIT_TEMP,0,0,0,0,0,0,0,0,10,10,False,False,-1,-1,-1,-1,-1,
194,30/04/2025  16:22:18,Sleep Mode,999.9,999.9,1/Parking Off,12.5,0.0000412648,OK,0,HIGH_CRIT_TEMP,HIGH_CRIT_TEMP,0,0,0,0,0,0,0,0,10,10,False,False,-1,-1,-1,-1,-1,
195,30/04/2025  16:23:22,Sleep Mode,999.9,999.9,1/Parking Off,12.5,0.0000414628,OK,0,HIGH_CRIT_TEMP,HIGH_CRIT_TEMP,0,0,0,0,0,0,0,0,10,10,False,False,-1,-1,-1,-1,-1,
196,30/04/2025  16:24:27,Sleep Mode,999.9,999.9,1/Parking Off,12.5,0.0000427545,OK,0,HIGH_CRIT_TEMP,HIGH_CRIT_TEMP,0,0,0,0,0,0,0,0,10,10,False,False,-1,-1,-1,-1,-1,
197,30/04/2025  16:25:32,Sleep Mode,999.9,999.9,1/Parking Off,12.5,0.0000415231,OK,0,HIGH_CRIT_TEMP,HIGH_CRIT_TEMP,0,0,0,0,0,0,0,0,10,10,False,False,-1,-1,-1,-1,-1,
198,30/04/2025  16:26:37,Sleep Mode,999.9,999.9,1/Parking Off,12.5,0.0000413853,OK,0,HIGH_CRIT_TEMP,HIGH_CRIT_TEMP,0,0,0,0,0,0,0,0,10,10,False,False,-1,-1,-1,-1,-1,
199,30/04/2025  16:27:42,Sleep Mode,999.9,999.9,1/Parking Off,12.5,0.0000424531,OK,0,HIGH_CRIT_TEMP,HIGH_CRIT_TEMP,0,0,0,0,0,0,0,0,10,10,False,False,-1,-1,-1,-1,-1,
200,30/04/2025  16:28:47,Sleep Mode,999.9,999.9,1/Parking Off,12.5,0.0000409117,OK,0,HIGH_CRIT_TEMP,HIGH_CRIT_TEMP,0,0,0,0,0,0,0,0,10,10,False,False,-1,-1,-1,-1,-1,
201,30/04/2025  16:29:52,Sleep Mode,999.9,999.9,1/Parking Off,12.5,0.0000430387,OK,0,HIGH_CRIT_TEMP,HIGH_CRIT_TEMP,0,0,0,0,0,0,0,0,10,10,False,False,-1,-1,-1,-1,-1,
202,30/04/2025  16:30:56,Sleep Mode,999.9,999.9,1/Parking Off,12.5,0.0000417126,OK,0,HIGH_CRIT_TEMP,HIGH_CRIT_TEMP,0,0,0,0,0,0,0,0,10,10,False,False,-1,-1,-1,-1,-1,
203,30/04/2025  16:32:01,Sleep Mode,999.9,999.9,1/Parking Off,12.5,0.0000411184,OK,0,HIGH_CRIT_TEMP,HIGH_CRIT_TEMP,0,0,0,0,0,0,0,0,10,10,False,False,-1,-1,-1,-1,-1,
204,30/04/2025  16:33:06,Sleep Mode,999.9,999.9,1/Parking Off,12.5,0.0000411012,OK,0,HIGH_CRIT_TEMP,HIGH_CRIT_TEMP,0,0,0,0,0,0,0,0,10,10,False,False,-1,-1,-1,-1,-1,
205,30/04/2025  16:34:11,Sleep Mode,999.9,999.9,1/Parking Off,12.5,0.0000407309,OK,0,HIGH_CRIT_TEMP,HIGH_CRIT_TEMP,0,0,0,0,0,0,0,0,10,10,False,False,-1,-1,-1,-1,-1,
206,30/04/2025  16:35:16,Sleep Mode,999.9,999.9,1/Parking Off,12.5,0.0000413595,OK,0,HIGH_CRIT_TEMP,HIGH_CRIT_TEMP,0,0,0,0,0,0,0,0,10,10,False,False,-1,-1,-1,-1,-1,
207,30/04/2025  16:36:21,Sleep Mode,999.9,999.9,1/Parking Off,12.5,0.0000408514,OK,0,HIGH_CRIT_TEMP,HIGH_CRIT_TEMP,0,0,0,0,0,0,0,0,10,10,False,False,-1,-1,-1,-1,-1,
208,30/04/2025  16:37:25,Sleep Mode,999.9,999.9,1/Parking Off,12.5,0.0000416006,OK,0,HIGH_CRIT_TEMP,HIGH_CRIT_TEMP,0,0,0,0,0,0,0,0,10,10,False,False,-1,-1,-1,-1,-1,
209,30/04/2025  16:38:30,Sleep Mode,999.9,999.9,1/Parking Off,12.5,0.0000408428,OK,0,HIGH_CRIT_TEMP,HIGH_CRIT_TEMP,0,0,0,0,0,0,0,0,10,10,False,False,-1,-1,-1,-1,-1,
210,30/04/2025  16:39:35,Sleep Mode,999.9,999.9,1/Parking Off,12.5,0.000042057,OK,0,HIGH_CRIT_TEMP,HIGH_CRIT_TEMP,0,0,0,0,0,0,0,0,10,10,False,False,-1,-1,-1,-1,-1,
211,30/04/2025  16:40:40,Sleep Mode,999.9,999.9,1/Parking Off,12.5,0.000040817,OK,0,HIGH_CRIT_TEMP,HIGH_CRIT_TEMP,0,0,0,0,0,0,0,0,10,10,False,False,-1,-1,-1,-1,-1,
212,30/04/2025  16:41:45,Sleep Mode,999.9,999.9,1/Parking Off,12.5,0.000043297,OK,0,HIGH_CRIT_TEMP,HIGH_CRIT_TEMP,0,0,0,0,0,0,0,0,10,10,False,False,-1,-1,-1,-1,-1,
213,30/04/2025  16:42:49,Sleep Mode,999.9,999.9,1/Parking Off,12.5,0.000041282,OK,0,HIGH_CRIT_TEMP,HIGH_CRIT_TEMP,0,0,0,0,0,0,0,0,10,10,False,False,-1,-1,-1,-1,-1,
214,30/04/2025  16:43:54,Sleep Mode,999.9,999.9,1/Parking Off,12.5,0.000040817,OK,0,HIGH_CRIT_TEMP,HIGH_CRIT_TEMP,0,0,0,0,0,0,0,0,10,10,False,False,-1,-1,-1,-1,-1,
215,30/04/2025  16:44:59,Sleep Mode,999.9,999.9,1/Parking Off,12.5,0.0000411528,OK,0,HIGH_CRIT_TEMP,HIGH_CRIT_TEMP,0,0,0,0,0,0,0,0,10,10,False,False,-1,-1,-1,-1,-1,
216,30/04/2025  16:46:04,Sleep Mode,999.9,999.9,1/Parking Off,12.5,0.0000413078,OK,0,HIGH_CRIT_TEMP,HIGH_CRIT_TEMP,0,0,0,0,0,0,0,0,10,10,False,False,-1,-1,-1,-1,-1,
217,30/04/2025  16:47:09,Sleep Mode,999.9,999.9,1/Parking Off,12.5,0.0000414198,OK,0,HIGH_CRIT_TEMP,HIGH_CRIT_TEMP,0,0,0,0,0,0,0,0,10,10,False,False,-1,-1,-1,-1,-1,
218,30/04/2025  16:48:13,Sleep Mode,999.9,999.9,1/Parking Off,12.5,0.00004024,OK,0,HIGH_CRIT_TEMP,HIGH_CRIT_TEMP,0,0,0,0,0,0,0,0,10,10,False,False,-1,-1,-1,-1,-1,
219,30/04/2025  16:49:18,Sleep Mode,999.9,999.9,1/Parking Off,12.5,0.0000415403,OK,0,HIGH_CRIT_TEMP,HIGH_CRIT_TEMP,0,0,0,0,0,0,0,0,10,10,False,False,-1,-1,-1,-1,-1,
220,30/04/2025  16:50:23,Sleep Mode,999.9,999.9,1/Parking Off,12.5,0.0000419451,OK,0,HIGH_CRIT_TEMP,HIGH_CRIT_TEMP,0,0,0,0,0,0,0,0,10,10,False,False,-1,-1,-1,-1,-1,
221,30/04/2025  16:51:27,Sleep Mode,999.9,999.9,1/Parking Off,12.5,0.000041704,OK,0,HIGH_CRIT_TEMP,HIGH_CRIT_TEMP,0,0,0,0,0,0,0,0,10,10,False,False,-1,-1,-1,-1,-1,
222,30/04/2025  16:52:32,Sleep Mode,999.9,999.9,1/Parking Off,12.5,0.0000402745,OK,0,HIGH_CRIT_TEMP,HIGH_CRIT_TEMP,0,0,0,0,0,0,0,0,10,10,False,False,-1,-1,-1,-1,-1,
223,30/04/2025  16:53:37,Sleep Mode,999.9,999.9,1/Parking Off,12.5,0.0000443906,OK,0,HIGH_CRIT_TEMP,HIGH_CRIT_TEMP,0,0,0,0,0,0,0,0,10,10,False,False,-1,-1,-1,-1,-1,
224,30/04/2025  16:54:42,Sleep Mode,999.9,999.9,1/Parking Off,12.5,0.0000414887,OK,0,HIGH_CRIT_TEMP,HIGH_CRIT_TEMP,0,0,0,0,0,0,0,0,10,10,False,False,-1,-1,-1,-1,-1,
225,30/04/2025  16:55:47,Sleep Mode,999.9,999.9,1/Parking Off,12.5,0.0000414628,OK,0,HIGH_CRIT_TEMP,HIGH_CRIT_TEMP,0,0,0,0,0,0,0,0,10,10,False,False,-1,-1,-1,-1,-1,
226,30/04/2025  16:56:52,Sleep Mode,999.9,999.9,1/Parking Off,12.5,0.0000409978,OK,0,HIGH_CRIT_TEMP,HIGH_CRIT_TEMP,0,0,0,0,0,0,0,0,10,10,False,False,-1,-1,-1,-1,-1,
227,30/04/2025  16:57:56,Sleep Mode,999.9,999.9,1/Parking Off,12.5,0.0000414628,OK,0,HIGH_CRIT_TEMP,HIGH_CRIT_TEMP,0,0,0,0,0,0,0,0,10,10,False,False,-1,-1,-1,-1,-1,
228,30/04/2025  16:59:01,Sleep Mode,999.9,999.9,1/Parking Off,12.5,0.0000415145,OK,0,HIGH_CRIT_TEMP,HIGH_CRIT_TEMP,0,0,0,0,0,0,0,0,10,10,False,False,-1,-1,-1,-1,-1,
229,30/04/2025  17:00:06,Sleep Mode,999.9,999.9,1/Parking Off,12.5,0.0000422206,OK,0,HIGH_CRIT_TEMP,HIGH_CRIT_TEMP,0,0,0,0,0,0,0,0,10,10,False,False,-1,-1,-1,-1,-1,
230,30/04/2025  17:01:11,Sleep Mode,999.9,999.9,1/Parking Off,12.5,0.0000407481,OK,0,HIGH_CRIT_TEMP,HIGH_CRIT_TEMP,0,0,0,0,0,0,0,0,10,10,False,False,-1,-1,-1,-1,-1,
231,30/04/2025  17:02:16,Sleep Mode,999.9,999.9,1/Parking Off,12.5,0.0000395339,OK,0,HIGH_CRIT_TEMP,HIGH_CRIT_TEMP,0,0,0,0,0,0,0,0,10,10,False,False,-1,-1,-1,-1,-1,
232,30/04/2025  17:03:20,Sleep Mode,999.9,999.9,1/Parking Off,12.5,0.0000433487,OK,0,HIGH_CRIT_TEMP,HIGH_CRIT_TEMP,0,0,0,0,0,0,0,0,10,10,False,False,-1,-1,-1,-1,-1,
233,30/04/2025  17:04:25,Sleep Mode,999.9,999.9,1/Parking Off,12.5,0.0000409117,OK,0,HIGH_CRIT_TEMP,HIGH_CRIT_TEMP,0,0,0,0,0,0,0,0,10,10,False,False,-1,-1,-1,-1,-1,
234,30/04/2025  17:05:30,Sleep Mode,999.9,999.9,1/Parking Off,12.5,0.0000433745,OK,0,HIGH_CRIT_TEMP,HIGH_CRIT_TEMP,0,0,0,0,0,0,0,0,10,10,False,False,-1,-1,-1,-1,-1,
